comment,sentiment
"Incredible speech by the BJP in Karnataka! The party's commitment to development and progress is truly inspiring. #BJPForKarnataka",1
"Disappointed with the lack of concrete plans in the BJP's speech. Just rhetoric and no real solutions. #EmptyPromises",0
"Karnataka needs a strong and decisive leadership, and that's exactly what the BJP is offering. Great vision for the future! #BJP4Karnataka",1
"I expected more substance from the BJP's speech. It's all talk and no substance. We need practical solutions, not just promises. #NotConvinced",0
"The BJP's speech highlighted the importance of economic growth and job creation. Finally, a party that understands the real issues! #DevelopmentAgenda",1
"Same old rhetoric from the BJP. No clear roadmap for addressing pressing issues like unemployment and poverty. #SpeechFail",0
"Impressed with the BJP's focus on infrastructure development in Karnataka. It's time for a positive change! #BJP4Progress",1
"I don't see any mention of social justice in the BJP's speech. Ignoring the marginalized communities is unacceptable. #NoInclusivity",0
"The BJP's speech was refreshing! Clear goals, actionable plans, and a commitment to transparency. Excited for the future! #BJPLeadership",1
"I can't trust the BJP's promises. We've heard it all before, and nothing significant has changed. #SkepticismOverload",0
"Positive energy in the BJP's speech! Finally, a party that prioritizes the well-being of the people. #PeopleFirst",1
"Unimpressed with the lack of attention to environmental issues in the BJP's speech. Our planet deserves better. #EnvironmentalConcerns",0
"Kudos to the BJP for addressing the concerns of farmers in Karnataka. A step in the right direction! #FarmersFirst",1
"The BJP's speech lacked specifics. How do they plan to fund their grand promises? #FinancialClarityNeeded",0
"Excited about the BJP's vision for digital transformation in Karnataka. A tech-savvy government is what we need! #DigitalIndia",1
"The BJP's speech felt rehearsed and insincere. I need authenticity, not political theatrics. #LostTrust",0
"Positive vibes from the BJP's speech! It's time for a new era of progress and prosperity in Karnataka. #ForwardTogether",1
"The BJP's speech ignored the importance of cultural diversity in Karnataka. We need a government that celebrates our rich heritage. #CulturalIdentity",0
"Skeptical about the BJP's promises. How do we know they'll follow through on their commitments? #ShowMeTheAction",0
"Impressed by the BJP's commitment to education. Investing in our children's future is a priority! #EducationMatters",1
"The BJP's speech was disappointing. No clear vision for the future, just empty promises. #LackOfLeadership",0
"Supportive of the BJP's focus on healthcare. A healthy population is the foundation of a prosperous state. #HealthFirst",1
"The BJP's speech was uninspiring. No concrete plans for addressing the challenges Karnataka faces. #SpeechFail",0
"Positive about the BJP's commitment to promoting entrepreneurship. Small businesses are the backbone of our economy! #Entrepreneurship",1
"Concerned about the BJP's lack of emphasis on mental health issues. Mental well-being is just as important as physical health. #MentalHealthMatters",0
"Impressed by the BJP's focus on creating job opportunities for the youth. A thriving job market benefits everyone! #YouthEmployment",1
"The BJP's speech lacked specifics on how they plan to address water scarcity in Karnataka. #WaterManagementNeeded",0
"Positive about the BJP's emphasis on promoting eco-friendly practices. A sustainable future is within reach! #EcoFriendly",1
"Encouraged by the BJP's commitment to renewable energy. A cleaner environment is within reach! #RenewableEnergy",1
"The BJP's speech was filled with promises but lacked a clear plan for fiscal responsibility. #FinancialAccountability",0
"Encouraged by the BJP's commitment to women's safety. It's time to make our streets safer for everyone! #SafetyFirst",1
"The BJP's speech lacked a clear roadmap for addressing the digital divide in Karnataka. #DigitalInclusionNeeded",0
"Optimistic about the BJP's plans for creating a startup-friendly ecosystem. Innovation is the key to economic growth! #StartupCulture",1
"The BJP's speech lacked acknowledgment of the challenges faced by the transgender community. We need inclusive policies. #TransRights",0
"Supportive of the BJP's commitment to protecting the rights of indigenous communities. Respecting our cultural diversity is crucial! #IndigenousRights",1
"The BJP's speech lacked a clear plan for addressing the issue of child labor. We need policies to protect our children. #ChildRights",0
"Positive about the BJP's commitment to promoting inclusive education. Every child deserves access to quality education. #InclusiveEducation",1
"The BJP's speech overlooked the importance of affordable housing. We need policies that address the housing crisis. #AffordableHousing",0
"Excited about the BJP's plans for skill development. Building a skilled workforce is crucial for economic growth! #SkillsForSuccess",1
"The BJP's speech seemed detached from the challenges faced by small farmers. Agriculture needs targeted support. #SmallFarmers",0
"Positive about the BJP's emphasis on empowering women in the workforce. Gender equality is crucial for a thriving society! #GenderEquality",1
"Encouraged by the BJP's commitment to promoting sports and fitness. A healthy population is a prosperous one! #SportsForHealth",1
"The BJP's speech lacked specifics on tackling air pollution in our cities. We need concrete plans for a cleaner environment. #AirQuality",0
"Supportive of the BJP's plans for promoting cultural exchanges. Celebrating diversity strengthens our society! #CulturalExchange",1
"Optimistic about the BJP's commitment to creating a transparent and accountable government. Accountability is key for a healthy democracy! #TransparentGovernance",1
"Concerned about the BJP's lack of emphasis on water conservation. Our resources are precious and need protection. #WaterConservation",0
"Impressed by the BJP's commitment to improving healthcare infrastructure. Accessible healthcare is a basic right! #HealthcareForAll",1
"The BJP's speech seemed more like a campaign rally than a serious discussion of issues. #PoliticalTheater",0
"Positive about the BJP's plans for environmental conservation. A green Karnataka is a prosperous Karnataka! #GreenInitiatives",1
"Skeptical about the BJP's commitment to poverty eradication. The speech lacked concrete plans for helping the less fortunate. #PovertyConcerns",0
"The BJP's speech was divisive, emphasizing differences rather than unity. We need leaders who bring people together. #UnityFirst",0
"Impressed by the BJP's commitment to renewable energy. A cleaner environment is within reach! #RenewableEnergy",1